first_name,last_name,email
John,Doe,john@example.com
Test,User,testuser@example.com
Test,User,testuser@example.com
Debug,Lead,debug@example.com
FlowTest,User6284b152,flowtest6284b152@example.com
SecondTest,User6284b152,secondtest6284b152@example.com
InactiveTest,User14db9501,inactivetest14db9501@example.com
FlowTest,User47dd5408,flowtest47dd5408@example.com
SecondTest,User47dd5408,secondtest47dd5408@example.com
InactiveTest,User8c296303,inactivetest8c296303@example.com
DebugTest,User123,debugtest123@example.com
AccountTest,User,accounttest@demo.com
SeriesTest,User,seriestest@demo.com
GetRecord,Test,getrecord@test.com
CreateTest,User,createtest@example.com
UpdateTest,User,updatetest@example.com
FilterUpdate,Test,filterupdate@test.com
,,
Test,Lead,testlead@example.com
Test,Lead,testlead@example.com
GET,Test,get@example.com
PUT,Test,put@example.com
PATCH,Test,patch@example.com
DELETE,Test,delete@example.com
Invalid,URL,invalid@example.com
Timeout,Test,timeout@example.com
Variable,Substitution,variables@test.com
FlowTest,Userfa6e1103,flowtestfa6e1103@example.com
SecondTest,Userfa6e1103,secondtestfa6e1103@example.com
InactiveTest,User5a745e7e,inactivetest5a745e7e@example.com
John,Doe,john.fto.test@example.com
Jane,Smith,jane.fto.test@example.com
