first_name,last_name,email,company,status
John,Doe,john@example.com,Acme Inc,New
Test,User,testuser@example.com,Test Company,New
Test,User,testuser@example.com,Test Company,New
Debug,Lead,debug@example.com,Debug Company,New
FlowTest,User6284b152,flowtest6284b152@example.com,Test Company 6284b152,New
SecondTest,User6284b152,secondtest6284b152@example.com,Second Test Company 6284b152,New
InactiveTest,User14db9501,inactivetest14db9501@example.com,Inactive Test Company 14db9501,New
FlowTest,User47dd5408,flowtest47dd5408@example.com,Test Company 47dd5408,New
SecondTest,User47dd5408,secondtest47dd5408@example.com,Second Test Company 47dd5408,New
InactiveTest,User8c296303,inactivetest8c296303@example.com,Inactive Test Company 8c296303,New
DebugTest,User123,debugtest123@example.com,Debug Company,New
AccountTest,User,accounttest@demo.com,Account Test Company,New
SeriesTest,User,seriestest@demo.com,Series Test Company,New
GetRecord,Test,getrecord@test.com,Test Company,New
CreateTest,User,createtest@example.com,Test Co,New
UpdateTest,User,updatetest@example.com,Update Test Co,New
FilterUpdate,Test,filterupdate@test.com,Test Co,New
,,,Test Company,New
Test,Lead,testlead@example.com,Test Company,New
Test,Lead,testlead@example.com,Test Company,New
GET,Test,get@example.com,GET Test Company,New
PUT,Test,put@example.com,PUT Test Company,New
PATCH,Test,patch@example.com,PATCH Test Company,New
DELETE,Test,delete@example.com,DELETE Test Company,New
Invalid,URL,invalid@example.com,,New
Timeout,Test,timeout@example.com,,New
FlowTest,Userfa6e1103,flowtestfa6e1103@example.com,Test Company fa6e1103,New
SecondTest,Userfa6e1103,secondtestfa6e1103@example.com,Second Test Company fa6e1103,New
InactiveTest,User5a745e7e,inactivetest5a745e7e@example.com,Inactive Test Company 5a745e7e,New
